{"cameraMode":{"drawMode":0,"name":"Shaded","section":"Shading Mode"},"sceneLighting":true,"audioPlay":false,"sceneViewState":{"m_AlwaysRefresh":false,"showFog":true,"showSkybox":true,"showFlares":true,"showImageEffects":true,"showParticleSystems":true,"showVisualEffectGraphs":true,"m_FxEnabled":true},"in2DMode":false,"pivot":{"x":-19.218236923217775,"y":-3.890662670135498,"z":0.512488842010498},"rotation":{"x":0.2020413875579834,"y":-0.07191099226474762,"z":0.014877630397677422,"w":0.9766215682029724},"size":21.695756912231447,"orthographic":true}